name,type,address,postcode,state,lat,lon,precision
Point Cook P-9 College,hub,,3030,VIC,-37.91624,144.64209,postcode_centroid
Truganina South Primary School,hub,,3029,VIC,-37.837165,144.705831,postcode_centroid
Wyndham Park Primary School,hub,,3030,VIC,-37.91624,144.64209,postcode_centroid
Community Refugee Integration and Settlement Pilot,crisp,,810,NT,-12.381806,130.866242,postcode_centroid
Community Refugee Integration and Settlement Pilot,crisp,,811,NT,-12.381806,130.866242,postcode_centroid
Community Refugee Integration and Settlement Pilot,crisp,,812,NT,-12.39124885,130.89047,postcode_centroid
Community Refugee Integration and Settlement Pilot,crisp,,820,NT,-12.428017,130.873315,postcode_centroid
Community Refugee Integration and Settlement Pilot,crisp,,830,NT,-12.52139649,130.9580765,postcode_centroid
Community Refugee Integration and Settlement Pilot,crisp,,832,NT,-12.49684676,130.9936551,postcode_centroid
Community Refugee Integration and Settlement Pilot,crisp,,2000,NSW,-33.86051951,151.2015802,postcode_centroid
Community Refugee Integration and Settlement Pilot,crisp,,2010,NSW,-33.884119,151.212262,postcode_centroid
Community Refugee Integration and Settlement Pilot,crisp,,2011,NSW,-33.873599,151.221626,postcode_centroid
Community Refugee Integration and Settlement Pilot,crisp,,2016,NSW,-33.894912,151.206211,postcode_centroid
Community Refugee Integration and Settlement Pilot,crisp,,2021,NSW,-33.895705,151.227236,postcode_centroid
Community Refugee Integration and Settlement Pilot,crisp,,2022,NSW,-33.896401,151.245049,postcode_centroid
Community Refugee Integration and Settlement Pilot,crisp,,2023,NSW,-33.884685,151.25591,postcode_centroid
Community Refugee Integration and Settlement Pilot,crisp,,2024,NSW,-33.904414,151.259392,postcode_centroid
Community Refugee Integration and Settlement Pilot,crisp,,2026,NSW,-33.891041,151.268968,postcode_centroid
Community Refugee Integration and Settlement Pilot,crisp,,2030,NSW,-33.858378,151.275977,postcode_centroid
Community Refugee Integration and Settlement Pilot,crisp,,2031,NSW,-33.914832,151.239167,postcode_centroid
Community Refugee Integration and Settlement Pilot,crisp,,2033,NSW,-33.91139,151.218435,postcode_centroid
Community Refugee Integration and Settlement Pilot,crisp,,2034,NSW,-33.929096,151.252171,postcode_centroid
Community Refugee Integration and Settlement Pilot,crisp,,2035,NSW,-33.945635,151.241292,postcode_centroid
Community Refugee Integration and Settlement Pilot,crisp,,2036,NSW,-33.969624,151.237844,postcode_centroid
Community Refugee Integration and Settlement Pilot,crisp,,2040,NSW,-33.878774,151.156819,postcode_centroid
Community Refugee Integration and Settlement Pilot,crisp,,2046,NSW,-33.866044,151.133865,postcode_centroid
Community Refugee Integration and Settlement Pilot,crisp,,2048,NSW,-33.89418,151.16564,postcode_centroid
Community Refugee Integration and Settlement Pilot,crisp,,2050,NSW,-33.89037,151.17598,postcode_centroid
Community Refugee Integration and Settlement Pilot,crisp,,2060,NSW,-33.839863,151.204557,postcode_centroid
Community Refugee Integration and Settlement Pilot,crisp,,2065,NSW,-33.828361,151.192212,postcode_centroid
Community Refugee Integration and Settlement Pilot,crisp,,2066,NSW,-33.818641,151.160912,postcode_centroid
Community Refugee Integration and Settlement Pilot,crisp,,2067,NSW,-33.798378,151.17711,postcode_centroid
Community Refugee Integration and Settlement Pilot,crisp,,2070,NSW,-33.78042,151.162007,postcode_centroid
Community Refugee Integration and Settlement Pilot,crisp,,2071,NSW,-33.75536381,151.1814551,postcode_centroid
Community Refugee Integration and Settlement Pilot,crisp,,2074,NSW,-33.735222,151.123716,postcode_centroid
Community Refugee Integration and Settlement Pilot,crisp,,2077,NSW,-33.691922,151.097508,postcode_centroid
Community Refugee Integration and Settlement Pilot,crisp,,2079,NSW,-33.666637,151.112681,postcode_centroid
Community Refugee Integration and Settlement Pilot,crisp,,2085,NSW,-33.728782,151.211719,postcode_centroid
Community Refugee Integration and Settlement Pilot,crisp,,2088,NSW,-33.830687,151.243351,postcode_centroid
Community Refugee Integration and Settlement Pilot,crisp,,2089,NSW,-33.84149573,151.2228263,postcode_centroid
Community Refugee Integration and Settlement Pilot,crisp,,2090,NSW,-33.828949,151.223094,postcode_centroid
Community Refugee Integration and Settlement Pilot,crisp,,2092,NSW,-33.796636,151.241813,postcode_centroid
Community Refugee Integration and Settlement Pilot,crisp,,2093,NSW,-33.79315,151.258069,postcode_centroid
Community Refugee Integration and Settlement Pilot,crisp,,2094,NSW,-33.795227,151.273242,postcode_centroid
Community Refugee Integration and Settlement Pilot,crisp,,2095,NSW,-33.815482,151.294675,postcode_centroid
Community Refugee Integration and Settlement Pilot,crisp,,2096,NSW,-33.776781,151.28494,postcode_centroid
Community Refugee Integration and Settlement Pilot,crisp,,2100,NSW,-33.766409,151.257781,postcode_centroid
Community Refugee Integration and Settlement Pilot,crisp,,2102,NSW,-33.689941,151.290953,postcode_centroid
Community Refugee Integration and Settlement Pilot,crisp,,2110,NSW,-33.836102,151.149126,postcode_centroid
Community Refugee Integration and Settlement Pilot,crisp,,2111,NSW,-33.829953,151.124488,postcode_centroid
Community Refugee Integration and Settlement Pilot,crisp,,2112,NSW,-33.81658,151.108447,postcode_centroid
Community Refugee Integration and Settlement Pilot,crisp,,2113,NSW,-33.79419,151.130233,postcode_centroid
Community Refugee Integration and Settlement Pilot,crisp,,2119,NSW,-33.755499,151.064176,postcode_centroid
Community Refugee Integration and Settlement Pilot,crisp,,2121,NSW,-33.774145,151.079919,postcode_centroid
Community Refugee Integration and Settlement Pilot,crisp,,2122,NSW,-33.791357,151.092072,postcode_centroid
Community Refugee Integration and Settlement Pilot,crisp,,2125,NSW,-33.752645,151.031807,postcode_centroid
Community Refugee Integration and Settlement Pilot,crisp,,2131,NSW,-33.887602,151.124008,postcode_centroid
Community Refugee Integration and Settlement Pilot,crisp,,2132,NSW,-33.882419,151.113385,postcode_centroid
Community Refugee Integration and Settlement Pilot,crisp,,2134,NSW,-33.880049,151.101757,postcode_centroid
Community Refugee Integration and Settlement Pilot,crisp,,2141,NSW,-33.872483,151.044768,postcode_centroid
Community Refugee Integration and Settlement Pilot,crisp,,2142,NSW,-33.832747,151.015196,postcode_centroid
Community Refugee Integration and Settlement Pilot,crisp,,2144,NSW,-33.851868,151.026756,postcode_centroid
Community Refugee Integration and Settlement Pilot,crisp,,2145,NSW,-33.79382308,150.9751544,postcode_centroid
Community Refugee Integration and Settlement Pilot,crisp,,2146,NSW,-33.789374,150.959508,postcode_centroid
Community Refugee Integration and Settlement Pilot,crisp,,2147,NSW,-33.766075,150.935836,postcode_centroid
Community Refugee Integration and Settlement Pilot,crisp,,2148,NSW,-33.783751,150.900547,postcode_centroid
Community Refugee Integration and Settlement Pilot,crisp,,2150,NSW,-33.814463,151.006506,postcode_centroid
Community Refugee Integration and Settlement Pilot,crisp,,2156,NSW,-33.656984,150.974528,postcode_centroid
Community Refugee Integration and Settlement Pilot,crisp,,2162,NSW,-33.88349,151.004128,postcode_centroid
Community Refugee Integration and Settlement Pilot,crisp,,2166,NSW,-33.892738,150.92937,postcode_centroid
Community Refugee Integration and Settlement Pilot,crisp,,2170,NSW,-33.928392,150.921448,postcode_centroid
Community Refugee Integration and Settlement Pilot,crisp,,2192,NSW,-33.921018,151.089663,postcode_centroid
Community Refugee Integration and Settlement Pilot,crisp,,2193,NSW,-33.910308,151.12086,postcode_centroid
Community Refugee Integration and Settlement Pilot,crisp,,2194,NSW,-33.917601,151.101777,postcode_centroid
Community Refugee Integration and Settlement Pilot,crisp,,2203,NSW,-33.90441,151.138999,postcode_centroid
Community Refugee Integration and Settlement Pilot,crisp,,2204,NSW,-33.912288,151.155539,postcode_centroid
Community Refugee Integration and Settlement Pilot,crisp,,2209,NSW,-33.94913,151.075304,postcode_centroid
Community Refugee Integration and Settlement Pilot,crisp,,2213,NSW,-33.964102,150.997836,postcode_centroid
Community Refugee Integration and Settlement Pilot,crisp,,2229,NSW,-34.05494,151.120091,postcode_centroid
Community Refugee Integration and Settlement Pilot,crisp,,2232,NSW,-34.061753,151.064329,postcode_centroid
Community Refugee Integration and Settlement Pilot,crisp,,2250,NSW,-33.325373,151.189243,postcode_centroid
Community Refugee Integration and Settlement Pilot,crisp,,2251,NSW,-33.482209,151.401999,postcode_centroid
Community Refugee Integration and Settlement Pilot,crisp,,2257,NSW,-33.520358,151.374403,postcode_centroid
Community Refugee Integration and Settlement Pilot,crisp,,2259,NSW,-33.208801,151.377213,postcode_centroid
Community Refugee Integration and Settlement Pilot,crisp,,2260,NSW,-33.42537,151.436939,postcode_centroid
Community Refugee Integration and Settlement Pilot,crisp,,2261,NSW,-33.315827,151.519708,postcode_centroid
Community Refugee Integration and Settlement Pilot,crisp,,2262,NSW,-33.209125,151.528042,postcode_centroid
Community Refugee Integration and Settlement Pilot,crisp,,2264,NSW,-33.106675,151.533807,postcode_centroid
Community Refugee Integration and Settlement Pilot,crisp,,2265,NSW,-33.095552,151.412119,postcode_centroid
Community Refugee Integration and Settlement Pilot,crisp,,2287,NSW,-32.892577,151.65807,postcode_centroid
Community Refugee Integration and Settlement Pilot,crisp,,2289,NSW,-32.948567,151.71008,postcode_centroid
Community Refugee Integration and Settlement Pilot,crisp,,2290,NSW,-32.983963,151.707801,postcode_centroid
Community Refugee Integration and Settlement Pilot,crisp,,2291,NSW,-32.951039,151.742882,postcode_centroid
Community Refugee Integration and Settlement Pilot,crisp,,2292,NSW,-32.931589,151.740716,postcode_centroid
Community Refugee Integration and Settlement Pilot,crisp,,2303,NSW,-32.924571,151.743325,postcode_centroid
Community Refugee Integration and Settlement Pilot,crisp,,2324,NSW,-32.623108,152.332617,postcode_centroid
Community Refugee Integration and Settlement Pilot,crisp,,2325,NSW,-32.977861,151.317476,postcode_centroid
Community Refugee Integration and Settlement Pilot,crisp,,2350,NSW,-30.493397,151.906153,postcode_centroid
Community Refugee Integration and Settlement Pilot,crisp,,2470,NSW,-28.92786,152.749759,postcode_centroid
Community Refugee Integration and Settlement Pilot,crisp,,2477,NSW,-28.907675,153.427314,postcode_centroid
Community Refugee Integration and Settlement Pilot,crisp,,2478,NSW,-28.865483,153.532475,postcode_centroid
Community Refugee Integration and Settlement Pilot,crisp,,2479,NSW,-28.709545,153.514963,postcode_centroid
Community Refugee Integration and Settlement Pilot,crisp,,2480,NSW,-28.706486,153.25943,postcode_centroid
Community Refugee Integration and Settlement Pilot,crisp,,2481,NSW,-28.660756,153.592843,postcode_centroid
Community Refugee Integration and Settlement Pilot,crisp,,2482,NSW,-28.547307,153.432398,postcode_centroid
Community Refugee Integration and Settlement Pilot,crisp,,2483,NSW,-28.461128,153.494236,postcode_centroid
Community Refugee Integration and Settlement Pilot,crisp,,2484,NSW,-28.38059,153.31648,postcode_centroid
Community Refugee Integration and Settlement Pilot,crisp,,2485,NSW,-28.184241,153.526816,postcode_centroid
Community Refugee Integration and Settlement Pilot,crisp,,2487,NSW,-28.27973,153.548588,postcode_centroid
Community Refugee Integration and Settlement Pilot,crisp,,2508,NSW,-34.230944,150.969679,postcode_centroid
Community Refugee Integration and Settlement Pilot,crisp,,2538,NSW,-35.366161,150.320507,postcode_centroid
Community Refugee Integration and Settlement Pilot,crisp,,2539,NSW,-35.522387,150.393202,postcode_centroid
Community Refugee Integration and Settlement Pilot,crisp,,2540,NSW,-34.8282,150.5789,postcode_centroid
Community Refugee Integration and Settlement Pilot,crisp,,2541,NSW,-34.990592,150.450994,postcode_centroid
Community Refugee Integration and Settlement Pilot,crisp,,2580,NSW,-34.726283,149.729215,postcode_centroid
Community Refugee Integration and Settlement Pilot,crisp,,2582,NSW,-34.75833012,148.9655031,postcode_centroid
Community Refugee Integration and Settlement Pilot,crisp,,2600,NSW,-35.302911,149.201072,postcode_centroid
Community Refugee Integration and Settlement Pilot,crisp,,2602,NSW,-35.248071,149.148147,postcode_centroid
Community Refugee Integration and Settlement Pilot,crisp,,2603,NSW,-35.330382,149.125739,postcode_centroid
Community Refugee Integration and Settlement Pilot,crisp,,2605,NSW,-35.335821,149.093455,postcode_centroid
Community Refugee Integration and Settlement Pilot,crisp,,2607,NSW,-35.369991,149.094831,postcode_centroid
Community Refugee Integration and Settlement Pilot,crisp,,2611,NSW,-35.57315758,148.7089956,postcode_centroid
Community Refugee Integration and Settlement Pilot,crisp,,2612,NSW,-35.270615,149.133208,postcode_centroid
Community Refugee Integration and Settlement Pilot,crisp,,2614,NSW,-35.257315,149.049796,postcode_centroid
Community Refugee Integration and Settlement Pilot,crisp,,2615,NSW,-35.215386,149.029308,postcode_centroid
Community Refugee Integration and Settlement Pilot,crisp,,2617,NSW,-35.231279,149.086682,postcode_centroid
Community Refugee Integration and Settlement Pilot,crisp,,2620,NSW,-35.34172619,149.2104515,postcode_centroid
Community Refugee Integration and Settlement Pilot,crisp,,2640,NSW,-36.016196,147.026549,postcode_centroid
Community Refugee Integration and Settlement Pilot,crisp,,2761,NSW,-33.742006,150.84746,postcode_centroid
Community Refugee Integration and Settlement Pilot,crisp,,2763,NSW,-33.725619,150.89547,postcode_centroid
Community Refugee Integration and Settlement Pilot,crisp,,2767,NSW,-33.77972161,150.8651828,postcode_centroid
Community Refugee Integration and Settlement Pilot,crisp,,2770,NSW,-33.756443,150.810246,postcode_centroid
Community Refugee Integration and Settlement Pilot,crisp,,2773,NSW,-33.768837,150.626788,postcode_centroid
Community Refugee Integration and Settlement Pilot,crisp,,2774,NSW,-33.732671,150.62902,postcode_centroid
Community Refugee Integration and Settlement Pilot,crisp,,2776,NSW,-33.666855,150.553111,postcode_centroid
Community Refugee Integration and Settlement Pilot,crisp,,2777,NSW,-33.692534,150.587962,postcode_centroid
Community Refugee Integration and Settlement Pilot,crisp,,2779,NSW,-33.7237,150.45933,postcode_centroid
Community Refugee Integration and Settlement Pilot,crisp,,2780,NSW,-33.832923,150.435639,postcode_centroid
Community Refugee Integration and Settlement Pilot,crisp,,2782,NSW,-33.704416,150.366015,postcode_centroid
Community Refugee Integration and Settlement Pilot,crisp,,2783,NSW,-33.725566,150.431839,postcode_centroid
Community Refugee Integration and Settlement Pilot,crisp,,2785,NSW,-33.707725,150.181517,postcode_centroid
Community Refugee Integration and Settlement Pilot,crisp,,2800,NSW,-33.233929,149.116263,postcode_centroid
Community Refugee Integration and Settlement Pilot,crisp,,2900,NSW,-35.41891,149.063805,postcode_centroid
Community Refugee Integration and Settlement Pilot,crisp,,2903,NSW,-35.402705,149.081776,postcode_centroid
Community Refugee Integration and Settlement Pilot,crisp,,2904,NSW,-35.410206,149.111402,postcode_centroid
Community Refugee Integration and Settlement Pilot,crisp,,2905,NSW,-35.431011,149.110025,postcode_centroid
Community Refugee Integration and Settlement Pilot,crisp,,2913,NSW,-35.16700193,149.0947174,postcode_centroid
Community Refugee Integration and Settlement Pilot,crisp,,3000,VIC,-37.81443733,144.9825846,postcode_centroid
Community Refugee Integration and Settlement Pilot,crisp,,3002,VIC,-37.81443733,144.9825846,postcode_centroid
Community Refugee Integration and Settlement Pilot,crisp,,3006,VIC,-37.82528675,144.9520744,postcode_centroid
Community Refugee Integration and Settlement Pilot,crisp,,3008,VIC,-37.814719,144.948039,postcode_centroid
Community Refugee Integration and Settlement Pilot,crisp,,3011,VIC,-37.807101,144.907953,postcode_centroid
Community Refugee Integration and Settlement Pilot,crisp,,3012,VIC,-37.807135,144.861162,postcode_centroid
Community Refugee Integration and Settlement Pilot,crisp,,3013,VIC,-37.814183,144.888686,postcode_centroid
Community Refugee Integration and Settlement Pilot,crisp,,3016,VIC,-37.863743,144.888461,postcode_centroid
Community Refugee Integration and Settlement Pilot,crisp,,3018,VIC,-37.86172,144.812736,postcode_centroid
Community Refugee Integration and Settlement Pilot,crisp,,3029,VIC,-37.837165,144.705831,postcode_centroid
Community Refugee Integration and Settlement Pilot,crisp,,3031,VIC,-37.79119,144.923403,postcode_centroid
Community Refugee Integration and Settlement Pilot,crisp,,3032,VIC,-37.774486,144.897221,postcode_centroid
Community Refugee Integration and Settlement Pilot,crisp,,3044,VIC,-37.731138,144.936356,postcode_centroid
Community Refugee Integration and Settlement Pilot,crisp,,3051,VIC,-37.8006,144.943559,postcode_centroid
Community Refugee Integration and Settlement Pilot,crisp,,3052,VIC,-37.788996,144.948903,postcode_centroid
Community Refugee Integration and Settlement Pilot,crisp,,3053,VIC,-37.803569,144.966112,postcode_centroid
Community Refugee Integration and Settlement Pilot,crisp,,3054,VIC,-37.786971,144.96724,postcode_centroid
Community Refugee Integration and Settlement Pilot,crisp,,3055,VIC,-37.763584,144.942222,postcode_centroid
Community Refugee Integration and Settlement Pilot,crisp,,3056,VIC,-37.766292,144.960108,postcode_centroid
Community Refugee Integration and Settlement Pilot,crisp,,3057,VIC,-37.770012,144.97728,postcode_centroid
Community Refugee Integration and Settlement Pilot,crisp,,3058,VIC,-37.739901,144.964524,postcode_centroid
Community Refugee Integration and Settlement Pilot,crisp,,3059,VIC,-37.639887,144.879626,postcode_centroid
Community Refugee Integration and Settlement Pilot,crisp,,3064,VIC,-37.546522,144.942199,postcode_centroid
Community Refugee Integration and Settlement Pilot,crisp,,3065,VIC,-37.802608,144.977795,postcode_centroid
Community Refugee Integration and Settlement Pilot,crisp,,3066,VIC,-37.804846,144.986906,postcode_centroid
Community Refugee Integration and Settlement Pilot,crisp,,3067,VIC,-37.803515,144.998203,postcode_centroid
Community Refugee Integration and Settlement Pilot,crisp,,3068,VIC,-37.790974,144.98622,postcode_centroid
Community Refugee Integration and Settlement Pilot,crisp,,3070,VIC,-37.774064,144.999745,postcode_centroid
Community Refugee Integration and Settlement Pilot,crisp,,3071,VIC,-37.759426,145.007006,postcode_centroid
Community Refugee Integration and Settlement Pilot,crisp,,3072,VIC,-37.74247,145.005702,postcode_centroid
Community Refugee Integration and Settlement Pilot,crisp,,3074,VIC,-37.684684,145.006644,postcode_centroid
Community Refugee Integration and Settlement Pilot,crisp,,3075,VIC,-37.66607,145.002679,postcode_centroid
Community Refugee Integration and Settlement Pilot,crisp,,3078,VIC,-37.778298,145.025853,postcode_centroid
Community Refugee Integration and Settlement Pilot,crisp,,3079,VIC,-37.772675,145.048573,postcode_centroid
Community Refugee Integration and Settlement Pilot,crisp,,3081,VIC,-37.743008,145.046401,postcode_centroid
Community Refugee Integration and Settlement Pilot,crisp,,3082,VIC,-37.664858,145.065658,postcode_centroid
Community Refugee Integration and Settlement Pilot,crisp,,3083,VIC,-37.701346,145.056223,postcode_centroid
Community Refugee Integration and Settlement Pilot,crisp,,3087,VIC,-37.711787,145.082426,postcode_centroid
Community Refugee Integration and Settlement Pilot,crisp,,3088,VIC,-37.700175,145.108339,postcode_centroid
Community Refugee Integration and Settlement Pilot,crisp,,3095,VIC,-37.713299,145.158579,postcode_centroid
Community Refugee Integration and Settlement Pilot,crisp,,3096,VIC,-37.670851,145.185826,postcode_centroid
Community Refugee Integration and Settlement Pilot,crisp,,3101,VIC,-37.807397,145.036575,postcode_centroid
Community Refugee Integration and Settlement Pilot,crisp,,3102,VIC,-37.793805,145.05219,postcode_centroid
Community Refugee Integration and Settlement Pilot,crisp,,3104,VIC,-37.793695,145.081714,postcode_centroid
Community Refugee Integration and Settlement Pilot,crisp,,3105,VIC,-37.772477,145.084806,postcode_centroid
Community Refugee Integration and Settlement Pilot,crisp,,3108,VIC,-37.786429,145.125797,postcode_centroid
Community Refugee Integration and Settlement Pilot,crisp,,3109,VIC,-37.784786,145.161649,postcode_centroid
Community Refugee Integration and Settlement Pilot,crisp,,3111,VIC,-37.794054,145.186334,postcode_centroid
Community Refugee Integration and Settlement Pilot,crisp,,3113,VIC,-37.752123,145.204689,postcode_centroid
Community Refugee Integration and Settlement Pilot,crisp,,3115,VIC,-37.736734,145.267586,postcode_centroid
Community Refugee Integration and Settlement Pilot,crisp,,3116,VIC,-37.737629,145.313086,postcode_centroid
Community Refugee Integration and Settlement Pilot,crisp,,3121,VIC,-37.823303,145.001788,postcode_centroid
Community Refugee Integration and Settlement Pilot,crisp,,3122,VIC,-37.822725,145.030602,postcode_centroid
Community Refugee Integration and Settlement Pilot,crisp,,3123,VIC,-37.829752,145.049415,postcode_centroid
Community Refugee Integration and Settlement Pilot,crisp,,3124,VIC,-37.840867,145.068191,postcode_centroid
Community Refugee Integration and Settlement Pilot,crisp,,3125,VIC,-37.851305,145.101,postcode_centroid
Community Refugee Integration and Settlement Pilot,crisp,,3127,VIC,-37.825173,145.097236,postcode_centroid
Community Refugee Integration and Settlement Pilot,crisp,,3128,VIC,-37.828866,145.122393,postcode_centroid
Community Refugee Integration and Settlement Pilot,crisp,,3129,VIC,-37.806965,145.125084,postcode_centroid
Community Refugee Integration and Settlement Pilot,crisp,,3130,VIC,-37.81805,145.149653,postcode_centroid
Community Refugee Integration and Settlement Pilot,crisp,,3131,VIC,-37.817798,145.174489,postcode_centroid
Community Refugee Integration and Settlement Pilot,crisp,,3132,VIC,-37.819222,145.196686,postcode_centroid
Community Refugee Integration and Settlement Pilot,crisp,,3133,VIC,-37.848786,145.192303,postcode_centroid
Community Refugee Integration and Settlement Pilot,crisp,,3134,VIC,-37.823058,145.257929,postcode_centroid
Community Refugee Integration and Settlement Pilot,crisp,,3135,VIC,-37.819594,145.248209,postcode_centroid
Community Refugee Integration and Settlement Pilot,crisp,,3136,VIC,-37.779876,145.282396,postcode_centroid
Community Refugee Integration and Settlement Pilot,crisp,,3138,VIC,-37.78391,145.322794,postcode_centroid
Community Refugee Integration and Settlement Pilot,crisp,,3142,VIC,-37.84411,145.017732,postcode_centroid
Community Refugee Integration and Settlement Pilot,crisp,,3143,VIC,-37.858918,145.019393,postcode_centroid
Community Refugee Integration and Settlement Pilot,crisp,,3145,VIC,-37.873557,145.049328,postcode_centroid
Community Refugee Integration and Settlement Pilot,crisp,,3146,VIC,-37.857116,145.057833,postcode_centroid
Community Refugee Integration and Settlement Pilot,crisp,,3147,VIC,-37.867864,145.092946,postcode_centroid
Community Refugee Integration and Settlement Pilot,crisp,,3148,VIC,-37.882562,145.090149,postcode_centroid
Community Refugee Integration and Settlement Pilot,crisp,,3149,VIC,-37.880748,145.128118,postcode_centroid
Community Refugee Integration and Settlement Pilot,crisp,,3150,VIC,-37.914383,145.168834,postcode_centroid
Community Refugee Integration and Settlement Pilot,crisp,,3152,VIC,-37.864951,145.221695,postcode_centroid
Community Refugee Integration and Settlement Pilot,crisp,,3153,VIC,-37.845116,145.270141,postcode_centroid
Community Refugee Integration and Settlement Pilot,crisp,,3161,VIC,-37.873733,145.019929,postcode_centroid
Community Refugee Integration and Settlement Pilot,crisp,,3162,VIC,-37.892139,145.023394,postcode_centroid
Community Refugee Integration and Settlement Pilot,crisp,,3163,VIC,-37.896497,145.057237,postcode_centroid
Community Refugee Integration and Settlement Pilot,crisp,,3165,VIC,-37.922369,145.059426,postcode_centroid
Community Refugee Integration and Settlement Pilot,crisp,,3166,VIC,-37.902805,145.089719,postcode_centroid
Community Refugee Integration and Settlement Pilot,crisp,,3167,VIC,-37.923345,145.087614,postcode_centroid
Community Refugee Integration and Settlement Pilot,crisp,,3169,VIC,-37.945149,145.115271,postcode_centroid
Community Refugee Integration and Settlement Pilot,crisp,,3173,VIC,-38.006771,145.164863,postcode_centroid
Community Refugee Integration and Settlement Pilot,crisp,,3174,VIC,-37.966218,145.17877,postcode_centroid
Community Refugee Integration and Settlement Pilot,crisp,,3175,VIC,-38.016114,145.208504,postcode_centroid
Community Refugee Integration and Settlement Pilot,crisp,,3181,VIC,-37.854683,144.995504,postcode_centroid
Community Refugee Integration and Settlement Pilot,crisp,,3182,VIC,-37.865322,144.979478,postcode_centroid
Community Refugee Integration and Settlement Pilot,crisp,,3183,VIC,-37.869072,144.999026,postcode_centroid
Community Refugee Integration and Settlement Pilot,crisp,,3184,VIC,-37.881414,144.984034,postcode_centroid
Community Refugee Integration and Settlement Pilot,crisp,,3186,VIC,-37.915066,144.996329,postcode_centroid
Community Refugee Integration and Settlement Pilot,crisp,,3187,VIC,-37.925371,145.013593,postcode_centroid
Community Refugee Integration and Settlement Pilot,crisp,,3188,VIC,-37.938889,145.007238,postcode_centroid
Community Refugee Integration and Settlement Pilot,crisp,,3189,VIC,-37.942021,145.047802,postcode_centroid
Community Refugee Integration and Settlement Pilot,crisp,,3190,VIC,-37.951394,145.038147,postcode_centroid
Community Refugee Integration and Settlement Pilot,crisp,,3191,VIC,-37.956585,145.013472,postcode_centroid
Community Refugee Integration and Settlement Pilot,crisp,,3192,VIC,-37.965655,145.0623,postcode_centroid
Community Refugee Integration and Settlement Pilot,crisp,,3193,VIC,-37.978698,145.031561,postcode_centroid
Community Refugee Integration and Settlement Pilot,crisp,,3194,VIC,-37.985059,145.067356,postcode_centroid
Community Refugee Integration and Settlement Pilot,crisp,,3195,VIC,-38.007024,145.104105,postcode_centroid
Community Refugee Integration and Settlement Pilot,crisp,,3196,VIC,-38.046479,145.122762,postcode_centroid
Community Refugee Integration and Settlement Pilot,crisp,,3198,VIC,-38.103194,145.137811,postcode_centroid
Community Refugee Integration and Settlement Pilot,crisp,,3204,VIC,-37.916956,145.036783,postcode_centroid
Community Refugee Integration and Settlement Pilot,crisp,,3205,VIC,-37.831693,144.958176,postcode_centroid
Community Refugee Integration and Settlement Pilot,crisp,,3206,VIC,-37.846534,144.95086,postcode_centroid
Community Refugee Integration and Settlement Pilot,crisp,,3207,VIC,-37.832179,144.918044,postcode_centroid
Community Refugee Integration and Settlement Pilot,crisp,,3216,VIC,-38.215906,144.334005,postcode_centroid
Community Refugee Integration and Settlement Pilot,crisp,,3227,VIC,-38.263052,144.40814,postcode_centroid
Community Refugee Integration and Settlement Pilot,crisp,,3228,VIC,-38.307545,144.299978,postcode_centroid
Community Refugee Integration and Settlement Pilot,crisp,,3231,VIC,-38.459435,144.106892,postcode_centroid
Community Refugee Integration and Settlement Pilot,crisp,,3239,VIC,-38.564014,143.448102,postcode_centroid
Community Refugee Integration and Settlement Pilot,crisp,,3250,VIC,-38.311513,143.584742,postcode_centroid
Community Refugee Integration and Settlement Pilot,crisp,,3280,VIC,-38.37884,142.482889,postcode_centroid
Community Refugee Integration and Settlement Pilot,crisp,,3285,VIC,-38.290199,142.058916,postcode_centroid
Community Refugee Integration and Settlement Pilot,crisp,,3434,VIC,-37.35388,144.750796,postcode_centroid
Community Refugee Integration and Settlement Pilot,crisp,,3435,VIC,-37.179453,144.743358,postcode_centroid
Community Refugee Integration and Settlement Pilot,crisp,,3437,VIC,-37.501619,144.513018,postcode_centroid
Community Refugee Integration and Settlement Pilot,crisp,,3442,VIC,-37.330661,144.548846,postcode_centroid
Community Refugee Integration and Settlement Pilot,crisp,,3444,VIC,-37.171788,144.544716,postcode_centroid
Community Refugee Integration and Settlement Pilot,crisp,,3446,VIC,-37.184831,144.374338,postcode_centroid
Community Refugee Integration and Settlement Pilot,crisp,,3448,VIC,-37.075364,144.387629,postcode_centroid
Community Refugee Integration and Settlement Pilot,crisp,,3450,VIC,-37.061635,144.214903,postcode_centroid
Community Refugee Integration and Settlement Pilot,crisp,,3451,VIC,-37.125338,144.21419,postcode_centroid
Community Refugee Integration and Settlement Pilot,crisp,,3461,VIC,-37.287848,144.170995,postcode_centroid
Community Refugee Integration and Settlement Pilot,crisp,,3463,VIC,-36.957983,144.05651,postcode_centroid
Community Refugee Integration and Settlement Pilot,crisp,,3550,VIC,-36.764269,144.285267,postcode_centroid
Community Refugee Integration and Settlement Pilot,crisp,,3551,VIC,-36.78137,144.457937,postcode_centroid
Community Refugee Integration and Settlement Pilot,crisp,,3555,VIC,-36.777226,144.245239,postcode_centroid
Community Refugee Integration and Settlement Pilot,crisp,,3556,VIC,-36.656422,144.178282,postcode_centroid
Community Refugee Integration and Settlement Pilot,crisp,,3690,VIC,-36.135717,146.864361,postcode_centroid
Community Refugee Integration and Settlement Pilot,crisp,,3691,VIC,-36.027154,147.880991,postcode_centroid
Community Refugee Integration and Settlement Pilot,crisp,,3750,VIC,-37.596078,145.005578,postcode_centroid
Community Refugee Integration and Settlement Pilot,crisp,,3752,VIC,-37.619102,145.074353,postcode_centroid
Community Refugee Integration and Settlement Pilot,crisp,,3916,VIC,-38.415199,145.050587,postcode_centroid
Community Refugee Integration and Settlement Pilot,crisp,,3925,VIC,-38.528213,145.379683,postcode_centroid
Community Refugee Integration and Settlement Pilot,crisp,,3927,VIC,-38.383368,145.153269,postcode_centroid
Community Refugee Integration and Settlement Pilot,crisp,,3934,VIC,-38.2783,145.031598,postcode_centroid
Community Refugee Integration and Settlement Pilot,crisp,,3937,VIC,-38.373694,145.01994,postcode_centroid
Community Refugee Integration and Settlement Pilot,crisp,,3950,VIC,-38.435217,145.812945,postcode_centroid
Community Refugee Integration and Settlement Pilot,crisp,,3951,VIC,-38.47372,145.798419,postcode_centroid
Community Refugee Integration and Settlement Pilot,crisp,,3992,VIC,-38.569135,145.534315,postcode_centroid
Community Refugee Integration and Settlement Pilot,crisp,,3995,VIC,-38.578071,145.630713,postcode_centroid
Community Refugee Integration and Settlement Pilot,crisp,,3996,VIC,-38.629561,145.745609,postcode_centroid
Community Refugee Integration and Settlement Pilot,crisp,,4005,,-27.470078,153.045194,postcode_centroid
Community Refugee Integration and Settlement Pilot,crisp,,4006,,-27.36618,153.175242,postcode_centroid
Community Refugee Integration and Settlement Pilot,crisp,,4017,,-27.318074,153.047339,postcode_centroid
Community Refugee Integration and Settlement Pilot,crisp,,4053,,-27.399573,152.98725,postcode_centroid
Community Refugee Integration and Settlement Pilot,crisp,,4055,,-27.393676,152.92424,postcode_centroid
Community Refugee Integration and Settlement Pilot,crisp,,4067,,-27.500518,153.005045,postcode_centroid
Community Refugee Integration and Settlement Pilot,crisp,,4068,,-27.506907,152.976926,postcode_centroid
Community Refugee Integration and Settlement Pilot,crisp,,4102,,-27.495458,153.0328,postcode_centroid
Community Refugee Integration and Settlement Pilot,crisp,,4103,,-27.512175,153.028768,postcode_centroid
Community Refugee Integration and Settlement Pilot,crisp,,4104,,-27.515758,153.011535,postcode_centroid
Community Refugee Integration and Settlement Pilot,crisp,,4105,,-27.534438,153.018893,postcode_centroid
Community Refugee Integration and Settlement Pilot,crisp,,4121,,-27.526966,153.053952,postcode_centroid
Community Refugee Integration and Settlement Pilot,crisp,,4130,,-27.669244,153.24333,postcode_centroid
Community Refugee Integration and Settlement Pilot,crisp,,4151,,-27.500807,153.058605,postcode_centroid
Community Refugee Integration and Settlement Pilot,crisp,,4152,,-27.501349,153.096812,postcode_centroid
Community Refugee Integration and Settlement Pilot,crisp,,4158,,-27.487689,153.1998,postcode_centroid
Community Refugee Integration and Settlement Pilot,crisp,,4160,,-27.506409,153.243312,postcode_centroid
Community Refugee Integration and Settlement Pilot,crisp,,4161,,-27.533407,153.226864,postcode_centroid
Community Refugee Integration and Settlement Pilot,crisp,,4163,,-27.535216,153.26571,postcode_centroid
Community Refugee Integration and Settlement Pilot,crisp,,4170,,-27.470778,153.074231,postcode_centroid
Community Refugee Integration and Settlement Pilot,crisp,,4209,,-27.805498,153.392892,postcode_centroid
Community Refugee Integration and Settlement Pilot,crisp,,4211,,-28.035453,153.241258,postcode_centroid
Community Refugee Integration and Settlement Pilot,crisp,,4213,,-28.110164,153.318916,postcode_centroid
Community Refugee Integration and Settlement Pilot,crisp,,4214,,-27.967005,153.365576,postcode_centroid
Community Refugee Integration and Settlement Pilot,crisp,,4215,,-27.967134,153.397952,postcode_centroid
Community Refugee Integration and Settlement Pilot,crisp,,4217,,-28.008783,153.412197,postcode_centroid
Community Refugee Integration and Settlement Pilot,crisp,,4218,,-28.037627,153.41692,postcode_centroid
Community Refugee Integration and Settlement Pilot,crisp,,4221,,-28.127323,153.45837,postcode_centroid
Community Refugee Integration and Settlement Pilot,crisp,,4223,,-28.19076,153.415088,postcode_centroid
Community Refugee Integration and Settlement Pilot,crisp,,4225,,-28.168787,153.517333,postcode_centroid
Community Refugee Integration and Settlement Pilot,crisp,,4306,,-27.480898,152.725408,postcode_centroid
Community Refugee Integration and Settlement Pilot,crisp,,4370,,-28.195678,151.9514612,postcode_centroid
Community Refugee Integration and Settlement Pilot,crisp,,4380,,-28.60158006,151.8126377,postcode_centroid
Community Refugee Integration and Settlement Pilot,crisp,,4500,,-27.307845,152.939438,postcode_centroid
Community Refugee Integration and Settlement Pilot,crisp,,4505,,-27.153669,152.976886,postcode_centroid
Community Refugee Integration and Settlement Pilot,crisp,,4509,,-27.232691,153.017319,postcode_centroid
Community Refugee Integration and Settlement Pilot,crisp,,4510,,-27.070177,152.960273,postcode_centroid
Community Refugee Integration and Settlement Pilot,crisp,,4551,,-26.828067,153.088435,postcode_centroid
Community Refugee Integration and Settlement Pilot,crisp,,4556,,-26.700379,153.049784,postcode_centroid
Community Refugee Integration and Settlement Pilot,crisp,,4560,,-26.635087,152.917384,postcode_centroid
Community Refugee Integration and Settlement Pilot,crisp,,4561,,-26.531487,152.964814,postcode_centroid
Community Refugee Integration and Settlement Pilot,crisp,,4563,,-26.425754,152.909206,postcode_centroid
Community Refugee Integration and Settlement Pilot,crisp,,4564,,-26.612359,153.079239,postcode_centroid
Community Refugee Integration and Settlement Pilot,crisp,,4572,,-26.671589,153.101997,postcode_centroid
Community Refugee Integration and Settlement Pilot,crisp,,4573,,-26.516942,153.068303,postcode_centroid
Community Refugee Integration and Settlement Pilot,crisp,,4670,,-24.88776,152.297855,postcode_centroid
Community Refugee Integration and Settlement Pilot,crisp,,5000,,-34.92849902,138.600746,postcode_centroid
Community Refugee Integration and Settlement Pilot,crisp,,5041,,-35.00298,138.594176,postcode_centroid
Community Refugee Integration and Settlement Pilot,crisp,,5052,,-35.003888,138.618684,postcode_centroid
Community Refugee Integration and Settlement Pilot,crisp,,5061,,-34.957195,138.60648,postcode_centroid
Community Refugee Integration and Settlement Pilot,crisp,,5062,,-35.004063,138.602387,postcode_centroid
Community Refugee Integration and Settlement Pilot,crisp,,5063,,-34.954325,138.621477,postcode_centroid
Community Refugee Integration and Settlement Pilot,crisp,,5066,,-34.940962,138.66029,postcode_centroid
Community Refugee Integration and Settlement Pilot,crisp,,5152,,-34.998401,138.703957,postcode_centroid
Community Refugee Integration and Settlement Pilot,crisp,,5153,,-35.091002,138.757945,postcode_centroid
Community Refugee Integration and Settlement Pilot,crisp,,5154,,-35.023252,138.73592,postcode_centroid
Community Refugee Integration and Settlement Pilot,crisp,,5158,,-35.084001,138.519781,postcode_centroid
Community Refugee Integration and Settlement Pilot,crisp,,5165,,-35.137389,138.475092,postcode_centroid
Community Refugee Integration and Settlement Pilot,crisp,,5167,,-35.166866,138.481211,postcode_centroid
Community Refugee Integration and Settlement Pilot,crisp,,5173,,-35.290568,138.470002,postcode_centroid
Community Refugee Integration and Settlement Pilot,crisp,,5266,,-35.902842,139.815539,postcode_centroid
Community Refugee Integration and Settlement Pilot,crisp,,5267,,-36.093534,140.348707,postcode_centroid
Community Refugee Integration and Settlement Pilot,crisp,,6008,,-31.956599,115.811432,postcode_centroid
Community Refugee Integration and Settlement Pilot,crisp,,6009,,-31.985791,115.804692,postcode_centroid
Community Refugee Integration and Settlement Pilot,crisp,,6011,,-31.996371,115.757646,postcode_centroid
Community Refugee Integration and Settlement Pilot,crisp,,6014,,-31.936389,115.808169,postcode_centroid
Community Refugee Integration and Settlement Pilot,crisp,,6016,,-31.921222,115.831181,postcode_centroid
Community Refugee Integration and Settlement Pilot,crisp,,6019,,-31.90733,115.769183,postcode_centroid
Community Refugee Integration and Settlement Pilot,crisp,,6026,,-31.801707,115.799832,postcode_centroid
Community Refugee Integration and Settlement Pilot,crisp,,6051,,-31.938107,115.899589,postcode_centroid
Community Refugee Integration and Settlement Pilot,crisp,,6054,,-31.901801,115.942572,postcode_centroid
Community Refugee Integration and Settlement Pilot,crisp,,6060,,-31.903241,115.840879,postcode_centroid
Community Refugee Integration and Settlement Pilot,crisp,,6062,,-31.886322,115.89088,postcode_centroid
Community Refugee Integration and Settlement Pilot,crisp,,6082,,-31.738368,116.295706,postcode_centroid
Community Refugee Integration and Settlement Pilot,crisp,,6100,,-31.971725,115.896029,postcode_centroid
Community Refugee Integration and Settlement Pilot,crisp,,6101,,-31.985247,115.908576,postcode_centroid
Community Refugee Integration and Settlement Pilot,crisp,,6102,,-32.005644,115.904425,postcode_centroid
Community Refugee Integration and Settlement Pilot,crisp,,6104,,-31.965498,115.977633,postcode_centroid
Community Refugee Integration and Settlement Pilot,crisp,,6105,,-31.95388,115.963293,postcode_centroid
Community Refugee Integration and Settlement Pilot,crisp,,6108,,-32.06089,115.953584,postcode_centroid
Community Refugee Integration and Settlement Pilot,crisp,,6149,,-32.064941,115.858679,postcode_centroid
Community Refugee Integration and Settlement Pilot,crisp,,6151,,-31.982199,115.869482,postcode_centroid
Community Refugee Integration and Settlement Pilot,crisp,,6152,,-32.008509,115.870058,postcode_centroid
Community Refugee Integration and Settlement Pilot,crisp,,6156,,-32.03954,115.800233,postcode_centroid
Community Refugee Integration and Settlement Pilot,crisp,,6158,,-32.038541,115.766561,postcode_centroid
Community Refugee Integration and Settlement Pilot,crisp,,6162,,-32.068768,115.759022,postcode_centroid
Community Refugee Integration and Settlement Pilot,crisp,,6163,,-32.084784,115.798722,postcode_centroid
Community Refugee Integration and Settlement Pilot,crisp,,6166,,-32.158361,115.790704,postcode_centroid
Community Refugee Integration and Settlement Pilot,crisp,,6168,,-32.281957,115.75773,postcode_centroid
Community Refugee Integration and Settlement Pilot,crisp,,6169,,-32.338504,115.763949,postcode_centroid
Community Refugee Integration and Settlement Pilot,crisp,,6210,,-32.557981,115.728286,postcode_centroid
Community Refugee Integration and Settlement Pilot,crisp,,6284,,-33.857591,115.188682,postcode_centroid
Community Refugee Integration and Settlement Pilot,crisp,,6285,,-33.941351,115.280972,postcode_centroid
Community Refugee Integration and Settlement Pilot,crisp,,6530,,-28.802491,114.862505,postcode_centroid
Community Refugee Integration and Settlement Pilot,crisp,,7000,,-42.878355,147.308002,postcode_centroid
Community Refugee Integration and Settlement Pilot,crisp,,7004,,-42.890148,147.328928,postcode_centroid
Community Refugee Integration and Settlement Pilot,crisp,,7005,,-42.916204,147.3368,postcode_centroid
Community Refugee Integration and Settlement Pilot,crisp,,7007,,-42.922863,147.319501,postcode_centroid
Community Refugee Integration and Settlement Pilot,crisp,,7009,,-42.842607,147.289682,postcode_centroid
Community Refugee Integration and Settlement Pilot,crisp,,7010,,-42.85913,147.212366,postcode_centroid
Community Refugee Integration and Settlement Pilot,crisp,,7011,,-42.793393,147.230065,postcode_centroid
Community Refugee Integration and Settlement Pilot,crisp,,7015,,-42.83903,147.360174,postcode_centroid
Community Refugee Integration and Settlement Pilot,crisp,,7018,,-42.877588,147.385681,postcode_centroid
Community Refugee Integration and Settlement Pilot,crisp,,7050,,-42.975502,147.298181,postcode_centroid
Community Refugee Integration and Settlement Pilot,crisp,,7052,,-43.008052,147.309302,postcode_centroid
Community Refugee Integration and Settlement Pilot,crisp,,7053,,-42.947314,147.334695,postcode_centroid
Community Refugee Integration and Settlement Pilot,crisp,,7054,,-43.00658,147.256698,postcode_centroid
Community Refugee Integration and Settlement Pilot,crisp,,7109,,-43.571087,146.524064,postcode_centroid
Community Refugee Integration and Settlement Pilot,crisp,,7112,,-43.291937,147.140014,postcode_centroid
Community Refugee Integration and Settlement Pilot,crisp,,7113,,-43.091051,146.970489,postcode_centroid
Community Refugee Integration and Settlement Pilot,crisp,,7155,,-43.128868,147.216918,postcode_centroid
Community Refugee Integration and Settlement Pilot,crisp,,7170,,-42.85132,147.449794,postcode_centroid
Community Refugee Integration and Settlement Pilot,crisp,,7173,,-42.823649,147.630737,postcode_centroid
Community Refugee Integration and Settlement Pilot,crisp,,7212,,-41.567876,147.488412,postcode_centroid
Community Refugee Integration and Settlement Pilot,crisp,,7248,,-41.397239,147.130185,postcode_centroid
Community Refugee Integration and Settlement Pilot,crisp,,7249,,-41.472435,147.157786,postcode_centroid
Community Refugee Integration and Settlement Pilot,crisp,,7250,,-41.432254,147.077589,postcode_centroid
Community Refugee Integration and Settlement Pilot,crisp,,7276,,-41.293081,146.972023,postcode_centroid
Community Refugee Integration and Settlement Pilot,crisp,,7301,,-41.600123,147.046481,postcode_centroid